1,./aligned-images/bill gates/148.png
1,./aligned-images/bill gates/565.png
1,./aligned-images/bill gates/512.png
1,./aligned-images/bill gates/176.png
1,./aligned-images/bill gates/347.png
1,./aligned-images/bill gates/491.png
1,./aligned-images/bill gates/354.png
1,./aligned-images/bill gates/530.png
1,./aligned-images/bill gates/637.png
1,./aligned-images/bill gates/492.png
1,./aligned-images/bill gates/256.png
1,./aligned-images/bill gates/3.png
1,./aligned-images/bill gates/450.png
1,./aligned-images/bill gates/483.png
1,./aligned-images/bill gates/159.png
1,./aligned-images/bill gates/493.png
1,./aligned-images/bill gates/5.png
1,./aligned-images/bill gates/76.png
1,./aligned-images/bill gates/72.png
1,./aligned-images/bill gates/325.png
1,./aligned-images/bill gates/321.png
1,./aligned-images/bill gates/443.png
1,./aligned-images/bill gates/660.png
1,./aligned-images/bill gates/221.png
1,./aligned-images/bill gates/532.png
1,./aligned-images/bill gates/403.png
1,./aligned-images/bill gates/328.png
1,./aligned-images/bill gates/455.png
1,./aligned-images/bill gates/531.png
1,./aligned-images/bill gates/526.png
1,./aligned-images/bill gates/96.png
1,./aligned-images/bill gates/312.png
1,./aligned-images/bill gates/314.png
1,./aligned-images/bill gates/456.png
1,./aligned-images/bill gates/184.png
1,./aligned-images/bill gates/620.png
1,./aligned-images/bill gates/181.png
1,./aligned-images/bill gates/533.png
1,./aligned-images/bill gates/638.png
1,./aligned-images/bill gates/433.png
1,./aligned-images/bill gates/508.png
1,./aligned-images/bill gates/89.png
1,./aligned-images/bill gates/1.png
1,./aligned-images/bill gates/687.png
1,./aligned-images/bill gates/378.png
1,./aligned-images/bill gates/336.png
1,./aligned-images/bill gates/394.png
1,./aligned-images/bill gates/350.png
1,./aligned-images/bill gates/344.png
1,./aligned-images/bill gates/138.png
1,./aligned-images/bill gates/352.png
1,./aligned-images/bill gates/490.png
1,./aligned-images/bill gates/169.png
1,./aligned-images/bill gates/657.png
1,./aligned-images/bill gates/690.png
1,./aligned-images/bill gates/305.png
1,./aligned-images/bill gates/201.png
1,./aligned-images/bill gates/93.png
1,./aligned-images/bill gates/36.png
1,./aligned-images/bill gates/509.png
1,./aligned-images/bill gates/448.png
1,./aligned-images/bill gates/537.png
1,./aligned-images/bill gates/536.png
1,./aligned-images/bill gates/273.png
1,./aligned-images/bill gates/497.png
1,./aligned-images/bill gates/52.png
1,./aligned-images/bill gates/535.png
1,./aligned-images/bill gates/194.png
1,./aligned-images/bill gates/8.png
1,./aligned-images/bill gates/496.png
1,./aligned-images/bill gates/311.png
1,./aligned-images/bill gates/590.png
1,./aligned-images/bill gates/48.png
1,./aligned-images/bill gates/134.png
1,./aligned-images/bill gates/275.png
1,./aligned-images/bill gates/203.png
1,./aligned-images/bill gates/32.png
1,./aligned-images/bill gates/238.png
1,./aligned-images/bill gates/151.png
1,./aligned-images/bill gates/385.png
1,./aligned-images/bill gates/18.png
1,./aligned-images/bill gates/124.png
1,./aligned-images/bill gates/131.png
1,./aligned-images/bill gates/426.png
1,./aligned-images/bill gates/179.png
1,./aligned-images/bill gates/153.png
1,./aligned-images/bill gates/383.png
1,./aligned-images/bill gates/12.png
1,./aligned-images/bill gates/460.png
1,./aligned-images/bill gates/116.png
1,./aligned-images/bill gates/670.png
1,./aligned-images/bill gates/142.png
1,./aligned-images/bill gates/20.png
1,./aligned-images/bill gates/377.png
1,./aligned-images/bill gates/439.png
1,./aligned-images/bill gates/603.png
1,./aligned-images/bill gates/322.png
1,./aligned-images/bill gates/548.png
1,./aligned-images/bill gates/298.png
1,./aligned-images/bill gates/78.png
1,./aligned-images/bill gates/313.png
1,./aligned-images/bill gates/111.png
1,./aligned-images/bill gates/251.png
1,./aligned-images/bill gates/518.png
1,./aligned-images/bill gates/410.png
1,./aligned-images/bill gates/332.png
1,./aligned-images/bill gates/293.png
1,./aligned-images/bill gates/534.png
1,./aligned-images/bill gates/356.png
1,./aligned-images/bill gates/341.png
1,./aligned-images/bill gates/609.png
1,./aligned-images/bill gates/62.png
1,./aligned-images/bill gates/349.png
1,./aligned-images/bill gates/470.png
1,./aligned-images/bill gates/476.png
1,./aligned-images/bill gates/348.png
1,./aligned-images/bill gates/17.png
1,./aligned-images/bill gates/187.png
1,./aligned-images/bill gates/277.png
1,./aligned-images/bill gates/425.png
1,./aligned-images/bill gates/157.png
1,./aligned-images/bill gates/407.png
1,./aligned-images/bill gates/88.png
1,./aligned-images/bill gates/193.png
1,./aligned-images/bill gates/680.png
1,./aligned-images/bill gates/295.png
1,./aligned-images/bill gates/38.png
1,./aligned-images/bill gates/525.png
1,./aligned-images/bill gates/34.png
1,./aligned-images/bill gates/224.png
1,./aligned-images/bill gates/436.png
1,./aligned-images/bill gates/463.png
1,./aligned-images/bill gates/319.png
1,./aligned-images/bill gates/375.png
1,./aligned-images/bill gates/404.png
1,./aligned-images/bill gates/186.png
1,./aligned-images/bill gates/2.png
1,./aligned-images/bill gates/451.png
1,./aligned-images/bill gates/488.png
1,./aligned-images/bill gates/335.png
1,./aligned-images/bill gates/431.png
1,./aligned-images/bill gates/261.png
1,./aligned-images/bill gates/621.png
1,./aligned-images/bill gates/498.png
1,./aligned-images/bill gates/240.png
1,./aligned-images/bill gates/684.png
1,./aligned-images/bill gates/333.png
1,./aligned-images/bill gates/477.png
1,./aligned-images/bill gates/94.png
1,./aligned-images/bill gates/47.png
1,./aligned-images/bill gates/82.png
1,./aligned-images/bill gates/634.png
1,./aligned-images/bill gates/382.png
1,./aligned-images/bill gates/196.png
1,./aligned-images/bill gates/61.png
1,./aligned-images/bill gates/63.png
1,./aligned-images/bill gates/308.png
1,./aligned-images/bill gates/282.png
1,./aligned-images/bill gates/245.png
1,./aligned-images/bill gates/351.png
1,./aligned-images/bill gates/212.png
1,./aligned-images/bill gates/365.png
1,./aligned-images/bill gates/345.png
1,./aligned-images/bill gates/329.png
1,./aligned-images/bill gates/68.png
1,./aligned-images/bill gates/550.png
1,./aligned-images/bill gates/192.png
1,./aligned-images/bill gates/286.png
1,./aligned-images/bill gates/368.png
1,./aligned-images/bill gates/80.png
1,./aligned-images/bill gates/64.png
1,./aligned-images/bill gates/501.png
1,./aligned-images/bill gates/545.png
1,./aligned-images/bill gates/56.png
1,./aligned-images/bill gates/105.png
1,./aligned-images/bill gates/624.png
1,./aligned-images/bill gates/551.png
1,./aligned-images/bill gates/653.png
1,./aligned-images/bill gates/547.png
1,./aligned-images/bill gates/685.png
1,./aligned-images/bill gates/280.png
1,./aligned-images/bill gates/167.png
1,./aligned-images/bill gates/517.png
1,./aligned-images/bill gates/140.png
1,./aligned-images/bill gates/384.png
1,./aligned-images/bill gates/505.png
1,./aligned-images/bill gates/97.png
1,./aligned-images/bill gates/409.png
1,./aligned-images/bill gates/50.png
1,./aligned-images/bill gates/46.png
1,./aligned-images/bill gates/303.png
1,./aligned-images/bill gates/200.png
1,./aligned-images/bill gates/616.png
1,./aligned-images/bill gates/166.png
1,./aligned-images/bill gates/108.png
1,./aligned-images/bill gates/374.png
1,./aligned-images/bill gates/306.png
1,./aligned-images/bill gates/494.png
1,./aligned-images/bill gates/284.png
1,./aligned-images/bill gates/434.png
1,./aligned-images/bill gates/229.png
1,./aligned-images/bill gates/522.png
1,./aligned-images/bill gates/320.png
1,./aligned-images/bill gates/250.png
1,./aligned-images/bill gates/65.png
1,./aligned-images/bill gates/371.png
1,./aligned-images/bill gates/423.png
1,./aligned-images/bill gates/219.png
1,./aligned-images/bill gates/54.png
1,./aligned-images/bill gates/170.png
1,./aligned-images/bill gates/458.png
1,./aligned-images/bill gates/388.png
1,./aligned-images/bill gates/235.png
1,./aligned-images/bill gates/486.png
1,./aligned-images/bill gates/326.png
1,./aligned-images/bill gates/133.png
1,./aligned-images/bill gates/58.png
1,./aligned-images/bill gates/73.png
1,./aligned-images/bill gates/90.png
1,./aligned-images/bill gates/396.png
1,./aligned-images/bill gates/587.png
1,./aligned-images/bill gates/324.png
1,./aligned-images/bill gates/380.png
1,./aligned-images/bill gates/647.png
1,./aligned-images/bill gates/136.png
2,./aligned-images/steven/3.png
2,./aligned-images/steven/5.png
2,./aligned-images/steven/8.png
2,./aligned-images/steven/4.png
2,./aligned-images/steven/9.png
2,./aligned-images/steven/6.png
2,./aligned-images/steven/2.png
2,./aligned-images/steven/7.png
2,./aligned-images/steven/11.png
2,./aligned-images/steven/10.png
2,./aligned-images/steven/15.png
2,./aligned-images/steven/12.png
2,./aligned-images/steven/13.png
2,./aligned-images/steven/14.png
2,./aligned-images/steven/1.png
